Workbook
Name aaa: #REF!
Name aaa: #REF!
Name aaa: #REF!
Name aaa: #REF!
Name aaa: #REF!
Name daftar_rekom: '[1]Penjurusan SMA asli'!$K$6:$K$293
Name datagedeg: #REF!
Name datagedeg: #REF!
Name datagedeg: #REF!
Name datagedeg: #REF!
Name datagedeg: #REF!
Name datakediri: #REF!
Name datakediri: #REF!
Name datakediri: #REF!
Name datakediri: #REF!
Name datakediri: #REF!
Name datamoker: #REF!
Name datamoker: #REF!
Name datamoker: #REF!
Name datamoker: #REF!
Name datamoker: #REF!

Sheet INDUK
A1: PEMERINTAH PROVINSI JAWA TIMUR
A2: DINAS PENDIDIKAN
A3: SEKOLAH MENENGAH ATAS NEGERI 1 NGORO
A4: Jalan Candi Jolotundo, Kutogirang, Ngoro Tepepon : 0321-6819922
A5: Website : www.sman1ngoro.sch.id Email : smanngoro@gmail.com
A7: DATA NOMOR INDUK DAN DAN NAMA SISWA BARU
A8: TAHUN PELAJARAN 2026/2027
A10: NO | B10: NIS | C10: NAMA | D10: L/P | E10: KELAS | F10: KETERANGAN
A11: 1 | B11: 6272 | C11: ALVIRA FITRIATUN NIZHA | D11: P | E11: XI-9 | F11: Siswa Mutasi
A12: 2 | B12: 6273 | C12: ABDUL WAHID | D12: L | E12: X-5 | F12: Siswa Baru
A13: 3 | B13: 6274 | C13: ACHMAD AINUR RIZKY AKBHAR | D13: L | E13: X-6 | F13: Siswa Baru
A14: 4 | B14: 6275 | C14: ACHMAD ALBYANSYAH BISRI | D14: L | E14: X-4 | F14: Siswa Baru
A15: 5 | B15: 6276 | C15: ACHMAD MUSTOFA KAMAL PASA | D15: L | E15: X-2 | F15: Siswa Baru
A16: 6 | B16: 6277 | C16: ADELIA PUTRI AGUSTIN | D16: P | E16: X-6 | F16: Siswa Baru
A17: 7 | B17: 6278 | C17: ADELIA SIVANA PUTRI | D17: P | E17: X-3 | F17: Siswa Baru
A18: 8 | B18: 6279 | C18: ADELIA WAIDAH AZZAHIRA | D18: P | E18: X-3 | F18: Siswa Baru
A19: 9 | B19: 6280 | C19: ADISKA MUHAMMAD ZAHY | D19: L | E19: X-9 | F19: Siswa Baru
A20: 10 | B20: 6281 | C20: ADZRA SHABRIYAH YUMNAA | D20: P | E20: X-6 | F20: Siswa Baru
A21: 11 | B21: 6282 | C21: AGUSTIN DWI RAMADHANI | D21: P | E21: X-3 | F21: Siswa Baru
A22: 12 | B22: 6283 | C22: AGUSTINA FITRI RAHMADANI | D22: P | E22: X-7 | F22: Siswa Baru
... A332: 322 | B332: 6593 | C332: ZIVEN UBHAYAHITA HILYAHAZKA | D332: L | E332: X-7 | F332: Siswa Baru

Sheet ABSEN X
A1: PEMERINTAH PROVINSI JAWA TIMUR
A2: DINAS PENDIDIKAN
A3: SEKOLAH MENENGAH ATAS NEGERI 1 NGORO
A4: Jalan Candi Jolotundo, Kutogirang, Ngoro Tepepon : 0321-6819922
A5: Website : www.sman1ngoro.sch.id Email : smanngoro@gmail.com
A6: MOJOKERTO 61385
A8: DAFTAR HADIR SISWA
A10: KELAS | C10: : X-1 | D10: MATA PELAJARAN | K10: : | L10: ………………………………. | V10: L | W10: =COUNTIF(D16:$D$51,V10) -> 12
A11: SEMESTER : | C11: : GASAL | D11: TAHUN PELAJARAN | K11: : | L11: 2026/2027 | V11: P | W11: =COUNTIF(D16:$D$51,V11) -> 24
W12: =SUM(W10:W11) -> 36
A13: NOMOR | C13: NAMA SISWA | D13: L/P | E13: PERTEMUAN KE : ……..TANGGAL : ……. | Q13: ABSENSI
A14: URT | B14: INDUK | E14: 1 | F14: 2 | G14: 3 | H14: 4 | I14: 5 | J14: 6 | K14: 7 | L14: 8 | M14: 9 | N14: 10 | O14: 11 | P14: 12
Q15: S | R15: I | S15: A
A16: 1 | B16: 6287 | C16: AHMAD FIKRI MALIK ALFARUQ | D16: L
A17: 2 | B17: 6288 | C17: AHMAD FIRDAUS NURIL HUDA | D17: L
A18: 3 | B18: 6301 | C18: ALICA PUTRI CHISBIYAH | D18: P
A19: 4 | B19: 6308 | C19: ALYSHA ADELIA PUTRI | D19: P
A20: 5 | B20: 6312 | C20: ANDHARA DWIKE ANGGRAENI | D20: P
A21: 6 | B21: 6325 | C21: ARIFKA DWI AININ JARIYA | D21: P
A22: 7 | B22: 6326 | C22: ARLIANDA MAYRISKA | D22: P
A23: 8 | B23: 6327 | C23: ARRUM INDAH HAYUNINGTYAS | D23: P
A24: 9 | B24: 6342 | C24: BILQIS RAHMA AQILA | D24: P
A25: 10 | B25: 6350 | C25: CAMELIA NURMALA HIDAYAT | D25: P
A26: 11 | B26: 6358 | C26: CHOLIFATUN NISA AYU AZZAHRA | D26: P
A27: 12 | B27: 6373 | C27: DWI AULIA AURAKASIH | D27: P
... A51: 36 | B51: 6583 | C51: ZAHRA ANANDA APRILIA | D51: P
M53: Ngoro, ……………….…… 2026
A54: Mengetahui : | M54: Guru Mata Pelajaran
A55: Kepala SMA Negeri 1 Ngoro | D55: Wali Kelas X-1
A59: CHOIRUL IHSAN, S.Pd, M.M. | D59: KASIADI, S.Ag, M.Pd | M59: …..…………………………..
A60: NIP. 19720416 200801 1 019 | D60: NIP. 19720721 200604 1 009 | M60: …..…………………………..
A73: PEMERINTAH PROVINSI JAWA TIMUR
A74: DINAS PENDIDIKAN
A75: SEKOLAH MENENGAH ATAS NEGERI 1 NGORO
A76: Jalan Candi Jolotundo, Kutogirang, Ngoro Tepepon : 0321-6819922
A77: Website : www.sman1ngoro.sch.id Email : smanngoro@gmail.com
A78: MOJOKERTO 61385
A80: DAFTAR HADIR SISWA
A82: KELAS | C82: : X-2 | D82: MATA PELAJARAN | K82: : | L82: ……………………………….
A83: SEMESTER : | C83: : GASAL | D83: TAHUN PELAJARAN | K83: : | L83: 2026/2027
A85: NOMOR | C85: NAMA SISWA | D85: L/P | E85: PERTEMUAN KE : ……..TANGGAL : ……. | Q85: ABSENSI
A86: URT | B86: INDUK | E86: 1 | F86: 2 | G86: 3 | H86: 4 | I86: 5 | J86: 6 | K86: 7 | L86: 8 | M86: 9 | N86: 10 | O86: 11 | P86: 12
Q87: S | R87: I | S87: A
A88: 1 | B88: 6276 | C88: ACHMAD MUSTOFA KAMAL PASA | D88: L
A89: 2 | B89: 6303 | C89: ALISYAH BUNGA MAULIDAH | D89: P | V89: L | W89: =COUNTIF($D$88:$D$123,V89) -> 10
A90: 3 | B90: 6320 | C90: ANITAH LUTFI MASYITA | D90: P | V90: P | W90: =COUNTIF($D$88:$D$123,V90) -> 25
A91: 4 | B91: 6346 | C91: BRIYAN GUNTUR ADIARTO | D91: L | W91: =SUM(W89:W90) -> 35
A92: 5 | B92: 6360 | C92: CLARA SALWA SANTOSA | D92: P
A93: 6 | B93: 6363 | C93: DEVINA SHAFA SALSABILA | D93: P
A94: 7 | B94: 6369 | C94: DINI WALIDUL ROHMAH | D94: P
A95: 8 | B95: 6371 | C95: DONA EKA APRILIA | D95: P
A96: 9 | B96: 6377 | C96: EKA NUR AINI | D96: P
A97: 10 | B97: 6402 | C97: HAFIZ ALFARISI HIDAYAT | D97: L
A98: 11 | B98: 6403 | C98: HAMIDA RAMADANI | D98: P
A99: 12 | B99: 6404 | C99: HANA ZEINA AMEERA | D99: P
A100: 13 | B100: 6407 | C100: HANY FITRI MAGHFIROH | D100: P
A101: 14 | B101: 6412 | C101: IMELDA SINTIA SARI | D101: P
A102: 15 | B102: 6416 | C102: JIHAN AURELIA DEVINDA | D102: P
A103: 16 | B103: 6417 | C103: JIHAN AYU PUSPITA | D103: P
... A122: 35 | B122: 6575 | C122: WAHYU IMAM HANAFI | D122: L
A123: 36
M125: Ngoro, ……………….…… 2026
A126: Mengetahui : | M126: Guru Mata Pelajaran
A127: Kepala SMA Negeri 1 Ngoro | D127: Wali Kelas X-2
A131: CHOIRUL IHSAN, S.Pd, M.M. | D131: MOH. FAIZAL ALWI, S.Pd | M131: …..…………………………..
A132: NIP. 19720416 200801 1 019 | D132: NIP. 19920408 202012 1 022 | M132: …..…………………………..
A145: PEMERINTAH PROVINSI JAWA TIMUR
A146: DINAS PENDIDIKAN
A147: SEKOLAH MENENGAH ATAS NEGERI 1 NGORO
A148: Jalan Candi Jolotundo, Kutogirang, Ngoro Tepepon : 0321-6819922
A149: Website : www.sman1ngoro.sch.id Email : smanngoro@gmail.com
A150: MOJOKERTO 61385
A152: DAFTAR HADIR SISWA
A154: KELAS | C154: : X-3 | D154: MATA PELAJARAN | K154: : | L154: ……………………………….
A155: SEMESTER : | C155: : GASAL | D155: TAHUN PELAJARAN | K155: : | L155: 2026/2027
A157: NOMOR | C157: NAMA SISWA | D157: L/P | E157: PERTEMUAN KE : ……..TANGGAL : ……. | Q157: ABSENSI
A158: URT | B158: INDUK | E158: 1 | F158: 2 | G158: 3 | H158: 4 | I158: 5 | J158: 6 | K158: 7 | L158: 8 | M158: 9 | N158: 10 | O158: 11 | P158: 12
Q159: S | R159: I | S159: A
A160: 1 | B160: 6278 | C160: ADELIA SIVANA PUTRI | D160: P
A161: 2 | B161: 6279 | C161: ADELIA WAIDAH AZZAHIRA | D161: P | V161: L | W161: =COUNTIF($D$160:$D$195,V161) -> 10
A162: 3 | B162: 6282 | C162: AGUSTIN DWI RAMADHANI | D162: P | V162: P | W162: =COUNTIF($D$160:$D$195,V162) -> 26
A163: 4 | B163: 6300 | C163: ALFI IKHWATUL VINATA | D163: P | W163: =SUM(W161:W162) -> 36
A164: 5 | B164: 6305 | C164: ALTAF NAUFAL ARYA BIMANTARA | D164: L
A165: 6 | B165: 6309 | C165: AMERZA RIZKY ADITYA | D165: L
A166: 7 | B166: 6321 | C166: ANUGRAH FERDIANSYAH PUTRA | D166: L
A167: 8 | B167: 6323 | C167: ARBYASA PRATAMA PUTRA YERIE | D167: L
A168: 9 | B168: 6332 | C168: AZAHRA NUR ADINDA | D168: P
A169: 10 | B169: 6337 | C169: BELLA DESTIANDA ZEN | D169: P
A170: 11 | B170: 6344 | C170: BRIAN ZAFRIEL MIRZA | D170: L
A171: 12 | B171: 6351 | C171: CANDRA DHAWI FAJARI | D171: L
A172: 13 | B172: 6381 | C172: FAHREZA RAYTAMA ARIEFIANSYAH PUTRA | D172: L
A173: 14 | B173: 6383 | C173: FAJROTULL JARIYAH | D173: P
A174: 15 | B174: 6387 | C174: FATIMAH MAULIDYA DWI SUSANTI | D174: P
A175: 16 | B175: 6397 | C175: GALUH VITALOKA | D175: P
... A195: 36 | B195: 6588 | C195: ZASQIA NAYA RENATA | D195: P
M197: Ngoro, ……………….…… 2026
A198: Mengetahui : | M198: Guru Mata Pelajaran
A199: Kepala SMA Negeri 1 Ngoro | D199: Wali Kelas X-3
A203: CHOIRUL IHSAN, S.Pd, M.M. | D203: ABDUL KHODIR, SE | M203: …..…………………………..
A204: NIP. 19720416 200801 1 019 | D204: NIP. 19680318 202421 1 001 | M204: …..…………………………..
...

Sheet DN X 
A1: PEMERINTAH PROVINSI JAWA TIMUR
A2: DINAS PENDIDIKAN
A3: SEKOLAH MENENGAH ATAS NEGERI 1 NGORO
A4: Jalan Candi Jolotundo, Kutogirang, Ngoro Tepepon : 0321-6819922
A5: Website : www.sman1ngoro.sch.id Email : smanngoro@gmail.com
A6: MOJOKERTO 61385
A8: DAFTAR NILAI SISWA
A9: KELAS X-1
A10: MATA PELAJARAN : ………………………………….
A11: SEMESTER GASAL TAHUN PELAJARAN 2026/2027
A13: NOMOR | C13: NAMA SISWA | D13: L/P | E13: KD …………………… | L13: KD …………………… | S13: KD ……………………
E14: KOGNITIF | J14: PS | K14: AF | L14: KOGNITIF | Q14: PS | R14: AF | S14: KOGNITIF | X14: PS | Y14: AF
A15: URT | B15: IND. | E15: P | F15: T1 | G15: T2 | H15: UH | I15: R | L15: P | M15: T1 | N15: T2 | O15: UH | P15: R | S15: P | T15: T1 | U15: T2 | V15: UH | W15: R
A16: 1 | B16: 6287 | C16: AHMAD FIKRI MALIK ALFARUQ | D16: L
A17: 2 | B17: 6288 | C17: AHMAD FIRDAUS NURIL HUDA | D17: L
A18: 3 | B18: 6301 | C18: ALICA PUTRI CHISBIYAH | D18: P
A19: 4 | B19: 6308 | C19: ALYSHA ADELIA PUTRI | D19: P
A20: 5 | B20: 6312 | C20: ANDHARA DWIKE ANGGRAENI | D20: P
A21: 6 | B21: 6325 | C21: ARIFKA DWI AININ JARIYA | D21: P
A22: 7 | B22: 6326 | C22: ARLIANDA MAYRISKA | D22: P
A23: 8 | B23: 6327 | C23: ARRUM INDAH HAYUNINGTYAS | D23: P
A24: 9 | B24: 6342 | C24: BILQIS RAHMA AQILA | D24: P
A25: 10 | B25: 6350 | C25: CAMELIA NURMALA HIDAYAT | D25: P
A26: 11 | B26: 6358 | C26: CHOLIFATUN NISA AYU AZZAHRA | D26: P
A27: 12 | B27: 6373 | C27: DWI AULIA AURAKASIH | D27: P
... A51: 36 | B51: 6583 | C51: ZAHRA ANANDA APRILIA | D51: P
O53: Ngoro, ……………….…… 2026
B54: Wali Kelas X-1 | O54: Guru Mata Pelajaran ……..………………..
B58: KASIADI, S.Ag, M.Pd | O58: …..………………..…………………………..
B59: NIP. 19720721 200604 1 009 | O59: ……..……………..…………………………..
A63: PEMERINTAH PROVINSI JAWA TIMUR
A64: DINAS PENDIDIKAN
A65: SEKOLAH MENENGAH ATAS NEGERI 1 NGORO
A66: Jalan Candi Jolotundo, Kutogirang, Ngoro Tepepon : 0321-6819922
A67: Website : www.sman1ngoro.sch.id Email : smanngoro@gmail.com
A68: MOJOKERTO 61385
A70: DAFTAR NILAI SISWA
A71: KELAS X-2
A72: MATA PELAJARAN : ………………………………….
A73: SEMESTER GASAL TAHUN PELAJARAN 2026/2027
A75: NOMOR | C75: NAMA SISWA | D75: L/P | E75: KD …………………… | L75: KD …………………… | S75: KD ……………………
E76: KOGNITIF | J76: PS | K76: AF | L76: KOGNITIF | Q76: PS | R76: AF | S76: KOGNITIF | X76: PS | Y76: AF
A77: URT | B77: IND. | E77: P | F77: T1 | G77: T2 | H77: UH | I77: R | L77: P | M77: T1 | N77: T2 | O77: UH | P77: R | S77: P | T77: T1 | U77: T2 | V77: UH | W77: R
A78: 1 | B78: 6276 | C78: ACHMAD MUSTOFA KAMAL PASA | D78: L
A79: 2 | B79: 6303 | C79: ALISYAH BUNGA MAULIDAH | D79: P
A80: 3 | B80: 6320 | C80: ANITAH LUTFI MASYITA | D80: P
A81: 4 | B81: 6346 | C81: BRIYAN GUNTUR ADIARTO | D81: L
A82: 5 | B82: 6360 | C82: CLARA SALWA SANTOSA | D82: P
A83: 6 | B83: 6363 | C83: DEVINA SHAFA SALSABILA | D83: P
A84: 7 | B84: 6369 | C84: DINI WALIDUL ROHMAH | D84: P
A85: 8 | B85: 6371 | C85: DONA EKA APRILIA | D85: P
A86: 9 | B86: 6377 | C86: EKA NUR AINI | D86: P
A87: 10 | B87: 6402 | C87: HAFIZ ALFARISI HIDAYAT | D87: L
A88: 11 | B88: 6403 | C88: HAMIDA RAMADANI | D88: P
A89: 12 | B89: 6404 | C89: HANA ZEINA AMEERA | D89: P
... A112: 35 | B112: 6575 | C112: WAHYU IMAM HANAFI | D112: L
A113: 36
O115: Ngoro, ……………….…… 2026
B116: Wali Kelas X-2 | O116: Guru Mata Pelajaran ……..………………..
B120: MOH. FAIZAL ALWI, S.Pd | O120: …..………………..…………………………..
B121: NIP. 19920408 202012 1 022 | O121: ……..……………..…………………………..
A125: PEMERINTAH PROVINSI JAWA TIMUR
A126: DINAS PENDIDIKAN
A127: SEKOLAH MENENGAH ATAS NEGERI 1 NGORO
A128: Jalan Candi Jolotundo, Kutogirang, Ngoro Tepepon : 0321-6819922
A129: Website : www.sman1ngoro.sch.id Email : smanngoro@gmail.com
A130: MOJOKERTO 61385
A132: DAFTAR NILAI SISWA
A133: KELAS X-3
A134: MATA PELAJARAN : ………………………………….
A135: SEMESTER GASAL TAHUN PELAJARAN 2026/2027
A137: NOMOR | C137: NAMA SISWA | D137: L/P | E137: KD …………………… | L137: KD …………………… | S137: KD ……………………
E138: KOGNITIF | J138: PS | K138: AF | L138: KOGNITIF | Q138: PS | R138: AF | S138: KOGNITIF | X138: PS | Y138: AF
A139: URT | B139: IND. | E139: P | F139: T1 | G139: T2 | H139: UH | I139: R | L139: P | M139: T1 | N139: T2 | O139: UH | P139: R | S139: P | T139: T1 | U139: T2 | V139: UH | W139: R
A140: 1 | B140: 6278 | C140: ADELIA SIVANA PUTRI | D140: P
A141: 2 | B141: 6279 | C141: ADELIA WAIDAH AZZAHIRA | D141: P
A142: 3 | B142: 6282 | C142: AGUSTIN DWI RAMADHANI | D142: P
A143: 4 | B143: 6300 | C143: ALFI IKHWATUL VINATA | D143: P
A144: 5 | B144: 6305 | C144: ALTAF NAUFAL ARYA BIMANTARA | D144: L
A145: 6 | B145: 6309 | C145: AMERZA RIZKY ADITYA | D145: L
A146: 7 | B146: 6321 | C146: ANUGRAH FERDIANSYAH PUTRA | D146: L
A147: 8 | B147: 6323 | C147: ARBYASA PRATAMA PUTRA YERIE | D147: L
A148: 9 | B148: 6332 | C148: AZAHRA NUR ADINDA | D148: P
A149: 10 | B149: 6337 | C149: BELLA DESTIANDA ZEN | D149: P
A150: 11 | B150: 6344 | C150: BRIAN ZAFRIEL MIRZA | D150: L
A151: 12 | B151: 6351 | C151: CANDRA DHAWI FAJARI | D151: L
... A175: 36 | B175: 6588 | C175: ZASQIA NAYA RENATA | D175: P
O177: Ngoro, ……………….…… 2026
B178: Wali Kelas X-3 | O178: Guru Mata Pelajaran ……..………………..
B182: ABDUL KHODIR, SE | O182: …..………………..…………………………..
B183: NIP. 19680318 202421 1 001 | O183: ……..……………..…………………………..
A187: PEMERINTAH PROVINSI JAWA TIMUR
A188: DINAS PENDIDIKAN
A189: SEKOLAH MENENGAH ATAS NEGERI 1 NGORO
A190: Jalan Candi Jolotundo, Kutogirang, Ngoro Tepepon : 0321-6819922
A191: Website : www.sman1ngoro.sch.id Email : smanngoro@gmail.com
A192: MOJOKERTO 61385
A194: DAFTAR NILAI SISWA
A195: KELAS X-4
A196: MATA PELAJARAN : ………………………………….
...

Sheet TERIMA RAPORT
A1: PEMERINTAH PROVINSI JAWA TIMUR
A2: DINAS PENDIDIKAN | H2: :
A3: SEKOLAH MENENGAH ATAS NEGERI 1 NGORO | H3: :
A4: Jalan Candi Jolotundo, Kutogirang, Ngoro Tepepon : 0321-6819922
A5: Website : www.sman1ngoro.sch.id Email : smanngoro@gmail.com
A6: MOJOKERTO 61385
A8: DAFTAR HADIR TERIMA RAPORT
A10: KELAS | C10: : X-1 | D10: HARI/TANGGAL | F10: : RABU, 23 DESEMBER 2026 | I10: L | J10: =COUNTIF(D16:$D$51,I10) -> 12
A11: SEMESTER : | C11: : GASAL | D11: TAHUN PELAJARAN | F11: : 2026/2027 | I11: P | J11: =COUNTIF(D16:$D$51,I11) -> 24
J12: =SUM(J10:J11) -> 36
A13: NOMOR | C13: NAMA SISWA | D13: L/P | E13: NAMA ORANG TUA/WALI | F13: TANDA TANAGAN
A14: URT | B14: INDUK
A16: 1 | B16: 6287 | C16: AHMAD FIKRI MALIK ALFARUQ | D16: L | F16: 1
A17: 2 | B17: 6288 | C17: AHMAD FIRDAUS NURIL HUDA | D17: L | F17: 2
A18: 3 | B18: 6301 | C18: ALICA PUTRI CHISBIYAH | D18: P | F18: 3
A19: 4 | B19: 6308 | C19: ALYSHA ADELIA PUTRI | D19: P | F19: 4
A20: 5 | B20: 6312 | C20: ANDHARA DWIKE ANGGRAENI | D20: P | F20: 5
A21: 6 | B21: 6325 | C21: ARIFKA DWI AININ JARIYA | D21: P | F21: 6
A22: 7 | B22: 6326 | C22: ARLIANDA MAYRISKA | D22: P | F22: 7
A23: 8 | B23: 6327 | C23: ARRUM INDAH HAYUNINGTYAS | D23: P | F23: 8
A24: 9 | B24: 6342 | C24: BILQIS RAHMA AQILA | D24: P | F24: 9
A25: 10 | B25: 6350 | C25: CAMELIA NURMALA HIDAYAT | D25: P | F25: 10
A26: 11 | B26: 6358 | C26: CHOLIFATUN NISA AYU AZZAHRA | D26: P | F26: 11
A27: 12 | B27: 6373 | C27: DWI AULIA AURAKASIH | D27: P | F27: 12
... A51: 36 | B51: 6583 | C51: ZAHRA ANANDA APRILIA | D51: P | F51: 36
A54: Mengetahui : | E54: Mojokerto, 23 Desember 2026
A55: Kepala SMA Negeri 1 Ngoro | E55: Wali Kelas X-1
A59: CHOIRUL IHSAN, S.Pd, MM | E59: KASIADI, S.Ag, M.Pd
A60: NIP. 19720416 200801 1 019 | E60: NIP. 19720721 200604 1 009
A73: PEMERINTAH PROVINSI JAWA TIMUR
A74: DINAS PENDIDIKAN
A75: SEKOLAH MENENGAH ATAS NEGERI 1 NGORO
A76: Jalan Candi Jolotundo, Kutogirang, Ngoro Tepepon : 0321-6819922
A77: Website : www.sman1ngoro.sch.id Email : smanngoro@gmail.com
A78: MOJOKERTO 61385
A80: DAFTAR HADIR TERIMA RAPORT
A82: KELAS | C82: : X-2 | D82: HARI/TANGGAL | F82: : RABU, 23 DESEMBER 2026
A83: SEMESTER : | C83: : GASAL | D83: TAHUN PELAJARAN | F83: : 2025/2026
A85: NOMOR | C85: NAMA SISWA | D85: L/P | E85: NAMA ORANG TUA/WALI | F85: TANDA TANAGAN
A86: URT | B86: INDUK
A88: 1 | B88: 6276 | C88: ACHMAD MUSTOFA KAMAL PASA | D88: L | F88: 1
A89: 2 | B89: 6303 | C89: ALISYAH BUNGA MAULIDAH | D89: P | F89: 2 | I89: L | J89: =COUNTIF($D$88:$D$123,I89) -> 10
A90: 3 | B90: 6320 | C90: ANITAH LUTFI MASYITA | D90: P | F90: 3 | I90: P | J90: =COUNTIF($D$88:$D$123,I90) -> 25
A91: 4 | B91: 6346 | C91: BRIYAN GUNTUR ADIARTO | D91: L | F91: 4 | J91: =SUM(J89:J90) -> 35
A92: 5 | B92: 6360 | C92: CLARA SALWA SANTOSA | D92: P | F92: 5
A93: 6 | B93: 6363 | C93: DEVINA SHAFA SALSABILA | D93: P | F93: 6
A94: 7 | B94: 6369 | C94: DINI WALIDUL ROHMAH | D94: P | F94: 7
A95: 8 | B95: 6371 | C95: DONA EKA APRILIA | D95: P | F95: 8
A96: 9 | B96: 6377 | C96: EKA NUR AINI | D96: P | F96: 9
A97: 10 | B97: 6402 | C97: HAFIZ ALFARISI HIDAYAT | D97: L | F97: 10
A98: 11 | B98: 6403 | C98: HAMIDA RAMADANI | D98: P | F98: 11
A99: 12 | B99: 6404 | C99: HANA ZEINA AMEERA | D99: P | F99: 12
A100: 13 | B100: 6407 | C100: HANY FITRI MAGHFIROH | D100: P | F100: 13
A101: 14 | B101: 6412 | C101: IMELDA SINTIA SARI | D101: P | F101: 14
A102: 15 | B102: 6416 | C102: JIHAN AURELIA DEVINDA | D102: P | F102: 15
A103: 16 | B103: 6417 | C103: JIHAN AYU PUSPITA | D103: P | F103: 16
... A122: 35 | B122: 6575 | C122: WAHYU IMAM HANAFI | D122: L | F122: 35
A123: 36 | F123: 36
A126: Mengetahui : | E126: Mojokerto, 23 Desember 2026
A127: Kepala SMA Negeri 1 Ngoro | E127: Wali Kelas X-2 | I127: LELIANA MEITA SARI
A131: CHOIRUL IHSAN, S.Pd, MM | E131: MOH. FAIZAL ALWI, S.Pd
A132: NIP. 19720416 200801 1 019 | E132: NIP. 19920408 202012 1 022
A145: PEMERINTAH PROVINSI JAWA TIMUR
A146: DINAS PENDIDIKAN
A147: SEKOLAH MENENGAH ATAS NEGERI 1 NGORO
A148: Jalan Candi Jolotundo, Kutogirang, Ngoro Tepepon : 0321-6819922
A149: Website : www.sman1ngoro.sch.id Email : smanngoro@gmail.com
A150: MOJOKERTO 61385
A152: DAFTAR HADIR TERIMA RAPORT
A154: KELAS | C154: : X-3 | D154: HARI/TANGGAL | F154: : RABU, 23 DESEMBER 2026
A155: SEMESTER : | C155: : GASAL | D155: TAHUN PELAJARAN | F155: : 2025/2026
A157: NOMOR | C157: NAMA SISWA | D157: L/P | E157: NAMA ORANG TUA/WALI | F157: TANDA TANAGAN
A158: URT | B158: INDUK
A160: 1 | B160: 6278 | C160: ADELIA SIVANA PUTRI | D160: P | F160: 1
A161: 2 | B161: 6279 | C161: ADELIA WAIDAH AZZAHIRA | D161: P | F161: 2 | I161: L | J161: =COUNTIF($D$160:$D$195,I161) -> 10
A162: 3 | B162: 6282 | C162: AGUSTIN DWI RAMADHANI | D162: P | F162: 3 | I162: P | J162: =COUNTIF($D$160:$D$195,I162) -> 26
A163: 4 | B163: 6300 | C163: ALFI IKHWATUL VINATA | D163: P | F163: 4 | J163: =SUM(J161:J162) -> 36
A164: 5 | B164: 6305 | C164: ALTAF NAUFAL ARYA BIMANTARA | D164: L | F164: 5
A165: 6 | B165: 6309 | C165: AMERZA RIZKY ADITYA | D165: L | F165: 6
A166: 7 | B166: 6321 | C166: ANUGRAH FERDIANSYAH PUTRA | D166: L | F166: 7
A167: 8 | B167: 6323 | C167: ARBYASA PRATAMA PUTRA YERIE | D167: L | F167: 8
A168: 9 | B168: 6332 | C168: AZAHRA NUR ADINDA | D168: P | F168: 9
A169: 10 | B169: 6337 | C169: BELLA DESTIANDA ZEN | D169: P | F169: 10
A170: 11 | B170: 6344 | C170: BRIAN ZAFRIEL MIRZA | D170: L | F170: 11
A171: 12 | B171: 6351 | C171: CANDRA DHAWI FAJARI | D171: L | F171: 12
A172: 13 | B172: 6381 | C172: FAHREZA RAYTAMA ARIEFIANSYAH PUTRA | D172: L | F172: 13
A173: 14 | B173: 6383 | C173: FAJROTULL JARIYAH | D173: P | F173: 14
A174: 15 | B174: 6387 | C174: FATIMAH MAULIDYA DWI SUSANTI | D174: P | F174: 15
A175: 16 | B175: 6397 | C175: GALUH VITALOKA | D175: P | F175: 16
... A194: 35 | B194: 6581 | C194: YUSRIN NIAM | D194: L | F194: 35
A195: 36 | B195: 6588 | C195: ZASQIA NAYA RENATA | D195: P
A198: Mengetahui : | E198: Mojokerto, 23 Desember 2026
A199: Kepala SMA Negeri 1 Ngoro | E199: Wali Kelas X-3
A203: CHOIRUL IHSAN, S.Pd, MM | E203: ABDUL KHODIR, SE
A204: NIP. 19720416 200801 1 019 | E204: NIP. 19680318 202421 1 001
A217: PEMERINTAH PROVINSI JAWA TIMUR
A218: DINAS PENDIDIKAN
A219: SEKOLAH MENENGAH ATAS NEGERI 1 NGORO
A220: Jalan Candi Jolotundo, Kutogirang, Ngoro Tepepon : 0321-6819922
A221: Website : www.sman1ngoro.sch.id Email : smanngoro@gmail.com
...

Sheet PARENTING 
A1: PEMERINTAH PROVINSI JAWA TIMUR
A2: DINAS PENDIDIKAN | H2: :
A3: SEKOLAH MENENGAH ATAS NEGERI 1 NGORO | H3: :
A4: Jalan Candi Jolotundo, Kutogirang, Ngoro Tepepon : 0321-6819922
A5: Website : www.sman1ngoro.sch.id Email : smanngoro@gmail.com
A6: MOJOKERTO 61385
A8: DAFTAR HADIR ORANG TUA SISWA
A9: KEGIATAN PARENTING & SOSIALISASI PROGRAM SEKOLAH
A11: KELAS | C11: : X-1 | D11: HARI/TANGGAL | F11: : SABTU, 11 JULI 2026 | I11: L | J11: =COUNTIF(D17:$D$52,I11) -> 12
A12: SEMESTER : | C12: : GASAL | D12: TAHUN PELAJARAN | F12: : 2026/2027 | I12: P | J12: =COUNTIF(D17:$D$52,I12) -> 24
J13: =SUM(J11:J12) -> 36
A14: NOMOR | C14: NAMA SISWA | D14: L/P | E14: NAMA ORANG TUA/WALI | F14: TANDA TANAGAN
A15: URT | B15: INDUK
A17: 1 | B17: 6287 | C17: AHMAD FIKRI MALIK ALFARUQ | D17: L | F17: 1
A18: 2 | B18: 6288 | C18: AHMAD FIRDAUS NURIL HUDA | D18: L | F18: 2
A19: 3 | B19: 6301 | C19: ALICA PUTRI CHISBIYAH | D19: P | F19: 3
A20: 4 | B20: 6308 | C20: ALYSHA ADELIA PUTRI | D20: P | F20: 4
A21: 5 | B21: 6312 | C21: ANDHARA DWIKE ANGGRAENI | D21: P | F21: 5
A22: 6 | B22: 6325 | C22: ARIFKA DWI AININ JARIYA | D22: P | F22: 6
A23: 7 | B23: 6326 | C23: ARLIANDA MAYRISKA | D23: P | F23: 7
A24: 8 | B24: 6327 | C24: ARRUM INDAH HAYUNINGTYAS | D24: P | F24: 8
A25: 9 | B25: 6342 | C25: BILQIS RAHMA AQILA | D25: P | F25: 9
A26: 10 | B26: 6350 | C26: CAMELIA NURMALA HIDAYAT | D26: P | F26: 10
A27: 11 | B27: 6358 | C27: CHOLIFATUN NISA AYU AZZAHRA | D27: P | F27: 11
A28: 12 | B28: 6373 | C28: DWI AULIA AURAKASIH | D28: P | F28: 12
... A51: 35 | B51: 6570 | C51: VARELYA CAHYA REZKYTA | D51: P | F51: 35
A52: 36 | B52: 6583 | C52: ZAHRA ANANDA APRILIA | D52: P
A54: Mengetahui : | E54: Mojokerto, 11 Juli 2026
A55: Kepala SMA Negeri 1 Ngoro | E55: Wali Kelas X-1
A59: CHOIRUL IHSAN, S.Pd, MM | E59: KASIADI, S.Ag, M.Pd
A60: NIP. 19720416 200801 1 019 | E60: NIP. 19720721 200604 1 009
A73: PEMERINTAH PROVINSI JAWA TIMUR
A74: DINAS PENDIDIKAN
A75: SEKOLAH MENENGAH ATAS NEGERI 1 NGORO
A76: Jalan Candi Jolotundo, Kutogirang, Ngoro Tepepon : 0321-6819922
A77: Website : www.sman1ngoro.sch.id Email : smanngoro@gmail.com
A78: MOJOKERTO 61385
A80: DAFTAR HADIR ORANG TUA SISWA
A81: KEGIATAN PARENTING & SOSIALISASI PROGRAM SEKOLAH
A83: KELAS | C83: : X-2 | D83: HARI/TANGGAL | F83: : SABTU, 11 JULI 2026
A84: SEMESTER : | C84: : GASAL | D84: TAHUN PELAJARAN | F84: : 2026/2027
A86: NOMOR | C86: NAMA SISWA | D86: L/P | E86: NAMA ORANG TUA/WALI | F86: TANDA TANAGAN
A87: URT | B87: INDUK
A89: 1 | B89: 6276 | C89: ACHMAD MUSTOFA KAMAL PASA | D89: L | F89: 1
A90: 2 | B90: 6303 | C90: ALISYAH BUNGA MAULIDAH | D90: P | F90: 2 | I90: L | J90: =COUNTIF($D$89:$D$124,I90) -> 10
A91: 3 | B91: 6320 | C91: ANITAH LUTFI MASYITA | D91: P | F91: 3 | I91: P | J91: =COUNTIF($D$89:$D$124,I91) -> 25
A92: 4 | B92: 6346 | C92: BRIYAN GUNTUR ADIARTO | D92: L | F92: 4 | J92: =SUM(J90:J91) -> 35
A93: 5 | B93: 6360 | C93: CLARA SALWA SANTOSA | D93: P | F93: 5
A94: 6 | B94: 6363 | C94: DEVINA SHAFA SALSABILA | D94: P | F94: 6
A95: 7 | B95: 6369 | C95: DINI WALIDUL ROHMAH | D95: P | F95: 7
A96: 8 | B96: 6371 | C96: DONA EKA APRILIA | D96: P | F96: 8
A97: 9 | B97: 6377 | C97: EKA NUR AINI | D97: P | F97: 9
A98: 10 | B98: 6402 | C98: HAFIZ ALFARISI HIDAYAT | D98: L | F98: 10
A99: 11 | B99: 6403 | C99: HAMIDA RAMADANI | D99: P | F99: 11
A100: 12 | B100: 6404 | C100: HANA ZEINA AMEERA | D100: P | F100: 12
A101: 13 | B101: 6407 | C101: HANY FITRI MAGHFIROH | D101: P | F101: 13
A102: 14 | B102: 6412 | C102: IMELDA SINTIA SARI | D102: P | F102: 14
A103: 15 | B103: 6416 | C103: JIHAN AURELIA DEVINDA | D103: P | F103: 15
A104: 16 | B104: 6417 | C104: JIHAN AYU PUSPITA | D104: P | F104: 16
... A123: 35 | B123: 6575 | C123: WAHYU IMAM HANAFI | D123: L | F123: 35
A124: 36 | F124: 36
A126: Mengetahui : | E126: Mojokerto, 11 Juli 2026
A127: Kepala SMA Negeri 1 Ngoro | E127: Wali Kelas X-2 | I127: LELIANA MEITA SARI
A131: CHOIRUL IHSAN, S.Pd, MM | E131: MOH. FAIZAL ALWI, S.Pd
A132: NIP. 19720416 200801 1 019 | E132: NIP. 19920408 202012 1 022
A145: PEMERINTAH PROVINSI JAWA TIMUR
A146: DINAS PENDIDIKAN
A147: SEKOLAH MENENGAH ATAS NEGERI 1 NGORO
A148: Jalan Candi Jolotundo, Kutogirang, Ngoro Tepepon : 0321-6819922
A149: Website : www.sman1ngoro.sch.id Email : smanngoro@gmail.com
A150: MOJOKERTO 61385
A152: DAFTAR HADIR ORANG TUA SISWA
A153: KEGIATAN PARENTING & SOSIALISASI PROGRAM SEKOLAH
A155: KELAS | C155: : X-3 | D155: HARI/TANGGAL | F155: : SABTU, 11 JULI 2026
A156: SEMESTER : | C156: : GASAL | D156: TAHUN PELAJARAN | F156: : 2026/2027
A158: NOMOR | C158: NAMA SISWA | D158: L/P | E158: NAMA ORANG TUA/WALI | F158: TANDA TANAGAN
A159: URT | B159: INDUK
A161: 1 | B161: 6278 | C161: ADELIA SIVANA PUTRI | D161: P | F161: 1
A162: 2 | B162: 6279 | C162: ADELIA WAIDAH AZZAHIRA | D162: P | F162: 2 | I162: L | J162: =COUNTIF($D$161:$D$196,I162) -> 10
A163: 3 | B163: 6282 | C163: AGUSTIN DWI RAMADHANI | D163: P | F163: 3 | I163: P | J163: =COUNTIF($D$161:$D$196,I163) -> 26
A164: 4 | B164: 6300 | C164: ALFI IKHWATUL VINATA | D164: P | F164: 4 | J164: =SUM(J162:J163) -> 36
A165: 5 | B165: 6305 | C165: ALTAF NAUFAL ARYA BIMANTARA | D165: L | F165: 5
A166: 6 | B166: 6309 | C166: AMERZA RIZKY ADITYA | D166: L | F166: 6
A167: 7 | B167: 6321 | C167: ANUGRAH FERDIANSYAH PUTRA | D167: L | F167: 7
A168: 8 | B168: 6323 | C168: ARBYASA PRATAMA PUTRA YERIE | D168: L | F168: 8
A169: 9 | B169: 6332 | C169: AZAHRA NUR ADINDA | D169: P | F169: 9
A170: 10 | B170: 6337 | C170: BELLA DESTIANDA ZEN | D170: P | F170: 10
A171: 11 | B171: 6344 | C171: BRIAN ZAFRIEL MIRZA | D171: L | F171: 11
A172: 12 | B172: 6351 | C172: CANDRA DHAWI FAJARI | D172: L | F172: 12
A173: 13 | B173: 6381 | C173: FAHREZA RAYTAMA ARIEFIANSYAH PUTRA | D173: L | F173: 13
A174: 14 | B174: 6383 | C174: FAJROTULL JARIYAH | D174: P | F174: 14
A175: 15 | B175: 6387 | C175: FATIMAH MAULIDYA DWI SUSANTI | D175: P | F175: 15
A176: 16 | B176: 6397 | C176: GALUH VITALOKA | D176: P | F176: 16
... A195: 35 | B195: 6581 | C195: YUSRIN NIAM | D195: L | F195: 35
A196: 36 | B196: 6588 | C196: ZASQIA NAYA RENATA | D196: P
A198: Mengetahui : | E198: Mojokerto, 11 Juli 2026
A199: Kepala SMA Negeri 1 Ngoro | E199: Wali Kelas X-3
A203: CHOIRUL IHSAN, S.Pd, MM | E203: ABDUL KHODIR, SE
A204: NIP. 19720416 200801 1 019 | E204: NIP. 19680318 202421 1 001
A217: PEMERINTAH PROVINSI JAWA TIMUR
...

Sheet Guru Wali 
A1: PEMERINTAH PROVINSI JAWA TIMUR
A2: DINAS PENDIDIKAN
A3: SEKOLAH MENENGAH ATAS NEGERI 1 NGORO
A4: Jalan Candi Jolotundo, Kutogirang, Ngoro Tepepon : 0321-6819922
A5: Website : www.sman1ngoro.sch.id Email : smanngoro@gmail.com
A6: MOJOKERTO 61385
A8: DAFTAR HADIR SISWA
A10: KELAS | C10: : X-1 | D10: MATA PELAJARAN | K10: : | L10: ………………………………. | V10: L | W10: =COUNTIF(D16:$D$51,V10) -> 12
A11: SEMESTER : | C11: : GASAL | D11: TAHUN PELAJARAN | K11: : | L11: 2026/2027 | V11: P | W11: =COUNTIF(D16:$D$51,V11) -> 24
W12: =SUM(W10:W11) -> 36
A13: NOMOR | C13: NAMA SISWA | D13: L/P | E13: PERTEMUAN KE : ……..TANGGAL : ……. | Q13: ABSENSI
A14: URT | B14: INDUK | E14: 1 | F14: 2 | G14: 3 | H14: 4 | I14: 5 | J14: 6 | K14: 7 | L14: 8 | M14: 9 | N14: 10 | O14: 11 | P14: 12
Q15: S | R15: I | S15: A
A16: 1 | B16: 6287 | C16: AHMAD FIKRI MALIK ALFARUQ | D16: L | E16: Mohammad Mufid, S.PdI
A17: 2 | B17: 6288 | C17: AHMAD FIRDAUS NURIL HUDA | D17: L | E17: Mohammad Mufid, S.PdI
A18: 3 | B18: 6301 | C18: ALICA PUTRI CHISBIYAH | D18: P | E18: Mohammad Mufid, S.PdI
A19: 4 | B19: 6308 | C19: ALYSHA ADELIA PUTRI | D19: P | E19: Mohammad Mufid, S.PdI
A20: 5 | B20: 6312 | C20: ANDHARA DWIKE ANGGRAENI | D20: P | E20: Mohammad Mufid, S.PdI
A21: 6 | B21: 6325 | C21: ARIFKA DWI AININ JARIYA | D21: P | E21: Mohammad Mufid, S.PdI
A22: 7 | B22: 6326 | C22: ARLIANDA MAYRISKA | D22: P | E22: Mohammad Mufid, S.PdI
A23: 8 | B23: 6327 | C23: ARRUM INDAH HAYUNINGTYAS | D23: P | E23: Mohammad Mufid, S.PdI
A24: 9 | B24: 6342 | C24: BILQIS RAHMA AQILA | D24: P | E24: Mohammad Mufid, S.PdI
A25: 10 | B25: 6350 | C25: CAMELIA NURMALA HIDAYAT | D25: P | E25: Linda Nalurita, S.Pd
A26: 11 | B26: 6358 | C26: CHOLIFATUN NISA AYU AZZAHRA | D26: P | E26: Linda Nalurita, S.Pd
A27: 12 | B27: 6373 | C27: DWI AULIA AURAKASIH | D27: P | E27: Linda Nalurita, S.Pd
... A51: 36 | B51: 6583 | C51: ZAHRA ANANDA APRILIA | D51: P | E51: Imelda Atika, S.Pd
M53: Ngoro, ……………….…… 2026
A54: Mengetahui : | M54: Guru Mata Pelajaran
A55: Kepala SMA Negeri 1 Ngoro | D55: Wali Kelas X-1
A59: CHOIRUL IHSAN, S.Pd, M.M. | D59: KASIADI, S.Ag, M.Pd | M59: …..…………………………..
A60: NIP. 19720416 200801 1 019 | D60: NIP. 19720721 200604 1 009 | M60: …..…………………………..
A73: PEMERINTAH PROVINSI JAWA TIMUR
A74: DINAS PENDIDIKAN
A75: SEKOLAH MENENGAH ATAS NEGERI 1 NGORO
A76: Jalan Candi Jolotundo, Kutogirang, Ngoro Tepepon : 0321-6819922
A77: Website : www.sman1ngoro.sch.id Email : smanngoro@gmail.com
A78: MOJOKERTO 61385
A80: DAFTAR HADIR SISWA
A82: KELAS | C82: : X-2 | D82: MATA PELAJARAN | K82: : | L82: ……………………………….
A83: SEMESTER : | C83: : GASAL | D83: TAHUN PELAJARAN | K83: : | L83: 2026/2027
A85: NOMOR | C85: NAMA SISWA | D85: L/P | E85: PERTEMUAN KE : ……..TANGGAL : ……. | Q85: ABSENSI
A86: URT | B86: INDUK | E86: 1 | F86: 2 | G86: 3 | H86: 4 | I86: 5 | J86: 6 | K86: 7 | L86: 8 | M86: 9 | N86: 10 | O86: 11 | P86: 12
Q87: S | R87: I | S87: A
A88: 1 | B88: 6276 | C88: ACHMAD MUSTOFA KAMAL PASA | D88: L | E88: Osa Zuna Siyama, S.Pd
A89: 2 | B89: 6303 | C89: ALISYAH BUNGA MAULIDAH | D89: P | E89: Osa Zuna Siyama, S.Pd | V89: L | W89: =COUNTIF($D$88:$D$123,V89) -> 10
A90: 3 | B90: 6320 | C90: ANITAH LUTFI MASYITA | D90: P | E90: Osa Zuna Siyama, S.Pd | V90: P | W90: =COUNTIF($D$88:$D$123,V90) -> 25
A91: 4 | B91: 6346 | C91: BRIYAN GUNTUR ADIARTO | D91: L | E91: Osa Zuna Siyama, S.Pd | W91: =SUM(W89:W90) -> 35
A92: 5 | B92: 6360 | C92: CLARA SALWA SANTOSA | D92: P | E92: Osa Zuna Siyama, S.Pd
A93: 6 | B93: 6363 | C93: DEVINA SHAFA SALSABILA | D93: P | E93: Osa Zuna Siyama, S.Pd
A94: 7 | B94: 6369 | C94: DINI WALIDUL ROHMAH | D94: P | E94: Osa Zuna Siyama, S.Pd
A95: 8 | B95: 6371 | C95: DONA EKA APRILIA | D95: P | E95: Osa Zuna Siyama, S.Pd
A96: 9 | B96: 6377 | C96: EKA NUR AINI | D96: P | E96: Osa Zuna Siyama, S.Pd
A97: 10 | B97: 6402 | C97: HAFIZ ALFARISI HIDAYAT | D97: L | E97: Osa Zuna Siyama, S.Pd
A98: 11 | B98: 6403 | C98: HAMIDA RAMADANI | D98: P | E98: Osa Zuna Siyama, S.Pd
A99: 12 | B99: 6404 | C99: HANA ZEINA AMEERA | D99: P | E99: Osa Zuna Siyama, S.Pd
A100: 13 | B100: 6407 | C100: HANY FITRI MAGHFIROH | D100: P | E100: Mohamad Wahyudi, S.Sn
A101: 14 | B101: 6412 | C101: IMELDA SINTIA SARI | D101: P | E101: Mohamad Wahyudi, S.Sn
A102: 15 | B102: 6416 | C102: JIHAN AURELIA DEVINDA | D102: P | E102: Mohamad Wahyudi, S.Sn
A103: 16 | B103: 6417 | C103: JIHAN AYU PUSPITA | D103: P | E103: Mohamad Wahyudi, S.Sn
... A122: 35 | B122: 6575 | C122: WAHYU IMAM HANAFI | D122: L | E122: Taufiq Umar, S.Pd
A123: 36
M125: Ngoro, ……………….…… 2026
A126: Mengetahui : | M126: Guru Mata Pelajaran
A127: Kepala SMA Negeri 1 Ngoro | D127: Wali Kelas X-2
A131: CHOIRUL IHSAN, S.Pd, M.M. | D131: MOH. FAIZAL ALWI, S.Pd | M131: …..…………………………..
A132: NIP. 19720416 200801 1 019 | D132: NIP. 19920408 202012 1 022 | M132: …..…………………………..
A145: PEMERINTAH PROVINSI JAWA TIMUR
A146: DINAS PENDIDIKAN
A147: SEKOLAH MENENGAH ATAS NEGERI 1 NGORO
A148: Jalan Candi Jolotundo, Kutogirang, Ngoro Tepepon : 0321-6819922
A149: Website : www.sman1ngoro.sch.id Email : smanngoro@gmail.com
A150: MOJOKERTO 61385
A152: DAFTAR HADIR SISWA
A154: KELAS | C154: : X-3 | D154: MATA PELAJARAN | K154: : | L154: ……………………………….
A155: SEMESTER : | C155: : GASAL | D155: TAHUN PELAJARAN | K155: : | L155: 2026/2027
A157: NOMOR | C157: NAMA SISWA | D157: L/P | E157: PERTEMUAN KE : ……..TANGGAL : ……. | Q157: ABSENSI
A158: URT | B158: INDUK | E158: 1 | F158: 2 | G158: 3 | H158: 4 | I158: 5 | J158: 6 | K158: 7 | L158: 8 | M158: 9 | N158: 10 | O158: 11 | P158: 12
Q159: S | R159: I | S159: A
A160: 1 | B160: 6278 | C160: ADELIA SIVANA PUTRI | D160: P | E160: Suroso, S.Pd, M.Pd
A161: 2 | B161: 6279 | C161: ADELIA WAIDAH AZZAHIRA | D161: P | E161: Suroso, S.Pd, M.Pd | V161: L | W161: =COUNTIF($D$160:$D$195,V161) -> 10
A162: 3 | B162: 6282 | C162: AGUSTIN DWI RAMADHANI | D162: P | E162: Suroso, S.Pd, M.Pd | V162: P | W162: =COUNTIF($D$160:$D$195,V162) -> 26
A163: 4 | B163: 6300 | C163: ALFI IKHWATUL VINATA | D163: P | E163: Suroso, S.Pd, M.Pd | W163: =SUM(W161:W162) -> 36
A164: 5 | B164: 6305 | C164: ALTAF NAUFAL ARYA BIMANTARA | D164: L | E164: Suroso, S.Pd, M.Pd
A165: 6 | B165: 6309 | C165: AMERZA RIZKY ADITYA | D165: L | E165: Suroso, S.Pd, M.Pd
A166: 7 | B166: 6321 | C166: ANUGRAH FERDIANSYAH PUTRA | D166: L | E166: Suroso, S.Pd, M.Pd
A167: 8 | B167: 6323 | C167: ARBYASA PRATAMA PUTRA YERIE | D167: L | E167: Suroso, S.Pd, M.Pd
A168: 9 | B168: 6332 | C168: AZAHRA NUR ADINDA | D168: P | E168: Suroso, S.Pd, M.Pd
A169: 10 | B169: 6337 | C169: BELLA DESTIANDA ZEN | D169: P | E169: Suroso, S.Pd, M.Pd
A170: 11 | B170: 6344 | C170: BRIAN ZAFRIEL MIRZA | D170: L | E170: Suroso, S.Pd, M.Pd
A171: 12 | B171: 6351 | C171: CANDRA DHAWI FAJARI | D171: L | E171: Suroso, S.Pd, M.Pd
A172: 13 | B172: 6381 | C172: FAHREZA RAYTAMA ARIEFIANSYAH PUTRA | D172: L | E172: Luluk Nurjannah, S.Pd
A173: 14 | B173: 6383 | C173: FAJROTULL JARIYAH | D173: P | E173: Luluk Nurjannah, S.Pd
A174: 15 | B174: 6387 | C174: FATIMAH MAULIDYA DWI SUSANTI | D174: P | E174: Luluk Nurjannah, S.Pd
A175: 16 | B175: 6397 | C175: GALUH VITALOKA | D175: P | E175: Luluk Nurjannah, S.Pd
... A195: 36 | B195: 6588 | C195: ZASQIA NAYA RENATA | D195: P | E195: Rosa Ardhiansyah, S.Pd
M197: Ngoro, ……………….…… 2026
A198: Mengetahui : | M198: Guru Mata Pelajaran
A199: Kepala SMA Negeri 1 Ngoro | D199: Wali Kelas X-3
A203: CHOIRUL IHSAN, S.Pd, M.M. | D203: ABDUL KHODIR, SE | M203: …..…………………………..
A204: NIP. 19720416 200801 1 019 | D204: NIP. 19680318 202421 1 001 | M204: …..…………………………..
...

Sheet REKAP GW 2026-2027
A1: PEMERINTAH PROVINSI JAWA TIMUR
A2: DINAS PENDIDIKAN
A3: SEKOLAH MENENGAH ATAS NEGERI 1 NGORO
A4: Jalan Candi Jolotundo, Kutogirang, Ngoro Tepepon : 0321-6819922
A5: Website : www.sman1ngoro.sch.id Email : smanngoro@gmail.com
A7: DAFTAR NAMA GURU WALI
A8: TAHUN PELAJARAN 2026/2027
A10: NO | B10: NO INDUK | C10: NAMA SISWA | D10: L/P | E10: GURU WALI | F10: KELAS
A11: 1 | B11: 6038 | C11: DEWI FARAH MEILANI | D11: P | E11: Sujiati, S.Pd | F11: XI-1
A12: 2 | B12: 6024 | C12: CIKA VISEL HANIFA | D12: P | E12: Sujiati, S.Pd | F12: XI-3
A13: 3 | B13: 6043 | C13: DIAJENG OKTAVIA PUTRI | D13: P | E13: Sujiati, S.Pd | F13: XI-3
A14: 4 | B14: 6006 | C14: AZ ZHARO ADKHA FITRI | D14: P | E14: Sujiati, S.Pd | F14: XI-4
A15: 5 | B15: 5961 | C15: AHMAD KHOLIDUL IBAD | D15: L | E15: Sujiati, S.Pd | F15: XI-7
A16: 6 | B16: 5984 | C16: ANGGE TRI UTARI | D16: P | E16: Sujiati, S.Pd | F16: XI-7
A17: 7 | B17: 6040 | C17: DHEVA DWI OKTAFIONA | D17: P | E17: Sujiati, S.Pd | F17: XI-7
A18: 8 | B18: 5979 | C18: AMEL RAHMA FARADILAH | D18: P | E18: Sujiati, S.Pd | F18: XI-8
A19: 9 | B19: 6018 | C19: CANDRA KIRANA SASKIA PUTRI | D19: P | E19: Sujiati, S.Pd | F19: XI-8
A20: 10 | B20: 5632 | C20: ADELIA SHAFURA INDRI | D20: P | E20: Sujiati, S.Pd | F20: XII-4
A21: 11 | B21: 5639 | C21: AHMAD ADIT AFANDI | D21: L | E21: Sujiati, S.Pd | F21: XII-4
A22: 12 | B22: 5650 | C22: AISYAH ZAHRA SELFINITA HABIBAH | D22: P | E22: Sujiati, S.Pd | F22: XII-4
... A954: 944 | B954: 5944 | C954: YURIN NISWANILA RAMADANI | D954: P | E954: Rahmad Fanani, S.Pd | F954: XII-5

Sheet DATA X 
C5: L/P | D5: KELAS | I5: JUMLAH
D6: X-1 | E6: X-2 | F6: X-3 | G6: X-4
C7: L | D7: ='ABSEN X'!W10 -> 12 | E7: ='ABSEN X'!W89 -> 10 | F7: ='ABSEN X'!W161 -> 10 | G7: ='ABSEN X'!W233 -> 10 | I7: =SUM(D7:G7) -> 42
C8: P | D8: ='ABSEN X'!W11 -> 24 | E8: ='ABSEN X'!W90 -> 25 | F8: ='ABSEN X'!W162 -> 26 | G8: ='ABSEN X'!W234 -> 26 | I8: =SUM(D8:G8) -> 101
D9: ='ABSEN X'!W12 -> 36 | E9: ='ABSEN X'!W91 -> 35 | F9: ='ABSEN X'!W163 -> 36 | G9: ='ABSEN X'!W235 -> 36 | I9: =SUM(D9:G9) -> 143
D11: X-5 | E11: X-6 | F11: X-7 | G11: X-8 | H11: X-9
C12: L | D12: ='ABSEN X'!W305 -> 10 | E12: ='ABSEN X'!W377 -> 12 | F12: ='ABSEN X'!W449 -> 10 | G12: ='ABSEN X'!W521 -> 10 | H12: ='ABSEN X'!W593 -> 12 | I12: =SUM(D12:H12) -> 54
C13: P | D13: ='ABSEN X'!W306 -> 26 | E13: ='ABSEN X'!W378 -> 23 | F13: ='ABSEN X'!W450 -> 26 | G13: ='ABSEN X'!W522 -> 26 | H13: ='ABSEN X'!W594 -> 23 | I13: =SUM(D13:H13) -> 124
D14: ='ABSEN X'!W307 -> 36 | E14: ='ABSEN X'!W379 -> 35 | F14: ='ABSEN X'!W451 -> 36 | G14: ='ABSEN X'!W523 -> 36 | H14: ='ABSEN X'!W595 -> 35 | I14: =SUM(D14:H14) -> 178 | K14: UNTUK MENGINGAT JUMLAH SISWA DAN JENIS KELAMIN PER KELAS
C16: TOTAL SISWA KELAS X SEMGAS TP 2026/2027
C18: L | I18: =I7+I12 -> 96
C19: P | I19: =I8+I13 -> 225
C20: JUMLAH | I20: =I9+I14 -> 321
